-- phpMyAdmin SQL Dump
-- version 5.0.2
-- https://www.phpmyadmin.net/
--
-- Host: 127.0.0.1:3306
-- Generation Time: Nov 07, 2021 at 09:38 AM
-- Server version: 8.0.21
-- PHP Version: 7.3.21

SET SQL_MODE = "NO_AUTO_VALUE_ON_ZERO";
START TRANSACTION;
SET time_zone = "+00:00";


/*!40101 SET @OLD_CHARACTER_SET_CLIENT=@@CHARACTER_SET_CLIENT */;
/*!40101 SET @OLD_CHARACTER_SET_RESULTS=@@CHARACTER_SET_RESULTS */;
/*!40101 SET @OLD_COLLATION_CONNECTION=@@COLLATION_CONNECTION */;
/*!40101 SET NAMES utf8mb4 */;

--
-- Database: `facebook`
--

-- --------------------------------------------------------

--
-- Table structure for table `comment`
--

DROP TABLE IF EXISTS `comment`;
CREATE TABLE IF NOT EXISTS `comment` (
  `id` int NOT NULL AUTO_INCREMENT,
  `message` varchar(255) NOT NULL,
  `commentId` int NOT NULL,
  `commentTime` datetime NOT NULL,
  `createdAt` datetime NOT NULL,
  `updatedAt` datetime NOT NULL,
  `customerId` int NOT NULL,
  `postsId` int NOT NULL,
  PRIMARY KEY (`id`),
  UNIQUE KEY `id` (`id`)
) ENGINE=InnoDB AUTO_INCREMENT=67 DEFAULT CHARSET=utf8;

--
-- Dumping data for table `comment`
--

INSERT INTO `comment` (`id`, `message`, `commentId`, `commentTime`, `createdAt`, `updatedAt`, `customerId`, `postsId`) VALUES
(1, 'cf 12', 2147483647, '2021-10-10 10:10:00', '2021-11-04 21:04:02', '2021-11-04 21:04:02', 11, 1),
(2, 'hello', 2147483647, '2021-10-10 10:10:00', '2021-11-04 21:04:13', '2021-11-04 21:04:13', 1, 1),
(3, 'cf 333', 2147483647, '2021-10-10 10:10:00', '2021-11-04 21:04:24', '2021-11-04 21:04:24', 1, 1),
(4, 'cf 333', 2147483647, '2021-10-10 10:10:00', '2021-11-04 21:04:31', '2021-11-04 21:04:31', 2, 3),
(5, 'goodmornig', 2147483647, '2021-10-10 10:10:00', '2021-11-04 21:04:41', '2021-11-04 21:04:41', 2, 3),
(6, 'goodmornig', 2147483647, '2021-10-10 10:10:00', '2021-11-04 21:04:44', '2021-11-04 21:04:44', 2, 3),
(7, 'dsafasdf', 2147483647, '2021-10-10 10:10:00', '2021-11-04 21:04:47', '2021-11-04 21:04:47', 2, 3),
(8, 'fccc', 2147483647, '2021-10-10 10:10:00', '2021-11-04 21:04:51', '2021-11-04 21:04:51', 2, 3),
(9, 'sldfl;as', 2147483647, '2021-10-10 10:10:00', '2021-11-04 21:04:54', '2021-11-04 21:04:54', 2, 3),
(10, 'sldfl;as', 2147483647, '2021-10-10 10:10:00', '2021-11-04 21:05:04', '2021-11-04 21:05:04', 3, 3),
(11, 'sldfl;as', 2147483647, '2021-10-10 10:10:00', '2021-11-04 21:05:05', '2021-11-04 21:05:05', 3, 3),
(12, 'sldfl;as', 2147483647, '2021-10-10 10:10:00', '2021-11-04 21:05:06', '2021-11-04 21:05:06', 3, 3),
(13, 'sldfl;as', 2147483647, '2021-10-10 10:10:00', '2021-11-04 21:05:07', '2021-11-04 21:05:07', 3, 3),
(14, 'sldfl;as', 2147483647, '2021-10-10 10:10:00', '2021-11-04 21:05:07', '2021-11-04 21:05:07', 3, 3),
(15, 'sldfl;as', 2147483647, '2021-10-10 10:10:00', '2021-11-04 21:05:08', '2021-11-04 21:05:08', 3, 3),
(16, 'sldfl;as', 2147483647, '2021-10-10 10:10:00', '2021-11-04 21:05:09', '2021-11-04 21:05:09', 3, 3),
(17, 'sldfl;as', 2147483647, '2021-10-10 10:10:00', '2021-11-04 21:05:09', '2021-11-04 21:05:09', 3, 3),
(18, 'sldfl;as', 2147483647, '2021-10-10 10:10:00', '2021-11-04 21:05:10', '2021-11-04 21:05:10', 3, 3),
(19, 'sldfl;as', 2147483647, '2021-10-10 10:10:00', '2021-11-04 21:05:18', '2021-11-04 21:05:18', 4, 4),
(20, 'sldfl;as', 2147483647, '2021-10-10 10:10:00', '2021-11-04 21:05:19', '2021-11-04 21:05:19', 4, 5),
(21, 'cf 12', 2147483647, '2021-10-10 10:10:00', '2021-11-04 21:05:29', '2021-11-04 21:05:29', 4, 4),
(22, 'cf 12', 2147483647, '2021-10-10 10:10:00', '2021-11-04 21:05:30', '2021-11-04 21:05:30', 4, 4),
(23, 'cf 12', 2147483647, '2021-10-10 10:10:00', '2021-11-04 21:05:32', '2021-11-04 21:05:32', 4, 4),
(24, 'cf 12', 2147483647, '2021-10-10 10:10:00', '2021-11-04 21:16:28', '2021-11-04 21:16:28', 4, 4),
(25, 'cf 12', 2147483647, '2021-10-10 10:10:00', '2021-11-04 21:16:40', '2021-11-04 21:16:40', 4, 4),
(26, 'cf 12', 2147483647, '2021-10-10 10:10:00', '2021-11-04 23:25:15', '2021-11-04 23:25:15', 12, 4),
(27, 'hello', 2147483647, '2021-10-10 10:10:00', '2021-11-04 23:25:18', '2021-11-04 23:25:18', 12, 4),
(28, 'cf 133', 2147483647, '2021-10-10 10:10:00', '2021-11-04 23:25:25', '2021-11-04 23:25:25', 10, 4),
(29, 'sabaidi', 2147483647, '2021-10-10 10:10:00', '2021-11-04 23:25:34', '2021-11-04 23:25:34', 12, 4),
(30, 'sabaidi obr', 2147483647, '2021-10-10 10:10:00', '2021-11-04 23:25:36', '2021-11-04 23:25:36', 12, 4),
(31, 'sabaidi obr', 2147483647, '2021-10-10 10:10:00', '2021-11-04 23:25:37', '2021-11-04 23:25:37', 12, 4),
(32, 'sabaidi obr', 2147483647, '2021-10-10 10:10:00', '2021-11-04 23:25:38', '2021-11-04 23:25:38', 12, 4),
(33, 'sabaidi haha', 2147483647, '2021-10-10 10:10:00', '2021-11-04 23:25:41', '2021-11-04 23:25:41', 12, 4),
(34, 'test comment', 2147483647, '2021-10-10 10:10:00', '2021-11-04 23:25:45', '2021-11-04 23:25:45', 12, 4),
(35, 'test comment', 2147483647, '2021-10-10 10:10:00', '2021-11-04 23:25:46', '2021-11-04 23:25:46', 12, 4),
(36, 'test comment', 2147483647, '2021-10-10 10:10:00', '2021-11-04 23:25:47', '2021-11-04 23:25:47', 12, 4),
(37, 'test comment', 2147483647, '2021-10-10 10:10:00', '2021-11-04 23:25:48', '2021-11-04 23:25:48', 12, 4),
(38, 'test comment', 2147483647, '2021-10-10 10:10:00', '2021-11-04 23:25:48', '2021-11-04 23:25:48', 12, 4),
(39, 'test comment', 2147483647, '2021-10-10 10:10:00', '2021-11-04 23:25:49', '2021-11-04 23:25:49', 12, 4),
(40, 'i love you ', 2147483647, '2021-10-10 10:10:00', '2021-11-04 23:25:56', '2021-11-04 23:25:56', 12, 4),
(41, 'i love you', 2147483647, '2021-10-10 10:10:00', '2021-11-04 23:25:57', '2021-11-04 23:25:57', 12, 4),
(42, 'haha', 2147483647, '2021-10-10 10:10:00', '2021-11-04 23:26:01', '2021-11-04 23:26:01', 12, 4),
(43, 'hahastd', 2147483647, '2021-10-10 10:10:00', '2021-11-04 23:26:04', '2021-11-04 23:26:04', 12, 4),
(44, 'hahastd', 2147483647, '2021-10-10 10:10:00', '2021-11-04 23:26:05', '2021-11-04 23:26:05', 12, 4),
(45, 'cf 12', 2147483647, '2021-10-10 10:10:00', '2021-11-04 23:26:09', '2021-11-04 23:26:09', 12, 4),
(46, 'cf 124', 2147483647, '2021-10-10 10:10:00', '2021-11-04 23:26:10', '2021-11-04 23:26:10', 12, 4),
(47, 'cf 1245', 2147483647, '2021-10-10 10:10:00', '2021-11-04 23:26:12', '2021-11-04 23:26:12', 12, 4),
(48, 'cf 1245', 2147483647, '2021-10-10 10:10:00', '2021-11-04 23:27:33', '2021-11-04 23:27:33', 11, 27),
(49, 'cf 1245', 2147483647, '2021-10-10 10:10:00', '2021-11-04 23:27:35', '2021-11-04 23:27:35', 11, 27),
(50, 'cf 1245', 2147483647, '2021-10-10 10:10:00', '2021-11-04 23:27:36', '2021-11-04 23:27:36', 11, 27),
(51, 'cf 1245', 2147483647, '2021-10-10 10:10:00', '2021-11-04 23:27:36', '2021-11-04 23:27:36', 11, 27),
(52, 'ສະບາຍດີ', 2147483647, '2021-10-10 10:10:00', '2021-11-04 23:27:46', '2021-11-04 23:27:46', 11, 27),
(53, 'i want banana', 2147483647, '2021-10-10 10:10:00', '2021-11-04 23:27:55', '2021-11-04 23:27:55', 11, 27),
(54, 'i want banana', 2147483647, '2021-10-10 10:10:00', '2021-11-04 23:27:57', '2021-11-04 23:27:57', 11, 27),
(55, 'i want banana', 2147483647, '2021-10-10 10:10:00', '2021-11-04 23:27:57', '2021-11-04 23:27:57', 11, 27),
(56, 'asldfjsla;', 2147483647, '2021-10-10 10:10:00', '2021-11-04 23:28:04', '2021-11-04 23:28:04', 11, 27),
(57, 'stest', 2147483647, '2021-10-10 10:10:00', '2021-11-04 23:28:08', '2021-11-04 23:28:08', 11, 27),
(58, 'hahah', 2147483647, '2021-10-10 10:10:00', '2021-11-04 23:28:12', '2021-11-04 23:28:12', 11, 27),
(59, 'soze', 2147483647, '2021-10-10 10:10:00', '2021-11-04 23:28:17', '2021-11-04 23:28:17', 11, 27),
(60, 'soze 122', 2147483647, '2021-10-10 10:10:00', '2021-11-04 23:28:19', '2021-11-04 23:28:19', 11, 27),
(61, 'cf fs1', 2147483647, '2021-10-10 10:10:00', '2021-11-04 23:28:25', '2021-11-04 23:28:25', 11, 27),
(62, 'cf fs122', 2147483647, '2021-10-10 10:10:00', '2021-11-04 23:28:26', '2021-11-04 23:28:26', 11, 27),
(63, 'cf fs1225', 2147483647, '2021-10-10 10:10:00', '2021-11-04 23:28:27', '2021-11-04 23:28:27', 11, 27),
(64, 'cf f4', 2147483647, '2021-10-10 10:10:00', '2021-11-04 23:28:30', '2021-11-04 23:28:30', 11, 27),
(65, 'cf f5', 2147483647, '2021-10-10 10:10:00', '2021-11-04 23:28:32', '2021-11-04 23:28:32', 11, 27),
(66, 'cf f6', 2147483647, '2021-10-10 10:10:00', '2021-11-04 23:28:35', '2021-11-04 23:28:35', 11, 27);

-- --------------------------------------------------------

--
-- Table structure for table `customer`
--

DROP TABLE IF EXISTS `customer`;
CREATE TABLE IF NOT EXISTS `customer` (
  `id` int NOT NULL AUTO_INCREMENT,
  `customerName` varchar(255) NOT NULL,
  `customerId` varchar(255) NOT NULL,
  `description` varchar(255) DEFAULT NULL,
  `createdAt` datetime NOT NULL,
  `updatedAt` datetime NOT NULL,
  PRIMARY KEY (`id`),
  UNIQUE KEY `id` (`id`)
) ENGINE=InnoDB AUTO_INCREMENT=13 DEFAULT CHARSET=utf8;

--
-- Dumping data for table `customer`
--

INSERT INTO `customer` (`id`, `customerName`, `customerId`, `description`, `createdAt`, `updatedAt`) VALUES
(1, 'Toukta', '127839821763232', 'no', '2021-11-04 18:04:29', '2021-11-04 18:04:29'),
(2, 'samlan', '233434353445', 'no', '2021-11-04 18:04:51', '2021-11-04 18:04:51'),
(3, 'Long', '233434353445', 'no', '2021-11-04 18:04:57', '2021-11-04 18:04:57'),
(4, 'Paka ', '233434353445', 'no', '2021-11-04 18:05:05', '2021-11-04 18:05:05'),
(5, 'kenic', '233434353445', 'no', '2021-11-04 18:05:12', '2021-11-04 18:05:12'),
(6, 'sounita', '233434353445', 'no', '2021-11-04 18:05:18', '2021-11-04 18:05:18'),
(7, 'lao', '233434353445', 'no', '2021-11-04 18:05:21', '2021-11-04 18:05:21'),
(8, 'test', '8u59215', 'hello', '2021-11-04 20:18:41', '2021-11-04 20:18:41'),
(9, 'sadfasd', '324654654', 'sadfasdfasd', '2021-11-04 20:20:53', '2021-11-04 20:29:16'),
(10, 'Laoapps', '321456987', 'new customer', '2021-11-04 20:31:57', '2021-11-04 20:31:57'),
(11, 'Khamlar', '56456843546', 'hahaha', '2021-11-04 20:32:49', '2021-11-04 23:31:30'),
(12, 'dorkbouakham', '654654987', 'new customer', '2021-11-04 20:34:38', '2021-11-04 20:34:38');

-- --------------------------------------------------------

--
-- Table structure for table `page`
--

DROP TABLE IF EXISTS `page`;
CREATE TABLE IF NOT EXISTS `page` (
  `id` int NOT NULL AUTO_INCREMENT,
  `pageName` varchar(255) DEFAULT NULL,
  `pageId` varchar(255) NOT NULL,
  `pageToken` text NOT NULL,
  `createdAt` datetime NOT NULL,
  `updatedAt` datetime NOT NULL,
  `isActive` tinyint(1) NOT NULL DEFAULT '0',
  PRIMARY KEY (`id`),
  UNIQUE KEY `id` (`id`)
) ENGINE=InnoDB AUTO_INCREMENT=10 DEFAULT CHARSET=utf8;

--
-- Dumping data for table `page`
--

INSERT INTO `page` (`id`, `pageName`, `pageId`, `pageToken`, `createdAt`, `updatedAt`, `isActive`) VALUES
(1, 'Hangmi', '127839821763232', 'lsidfjo384ksdr98234sdjk23w4-02349hdsfksaj02-384', '2021-10-26 19:21:58', '2021-11-04 00:01:18', 0),
(2, 'Ps Channel', '127839821763232', 'lsidfjo384ksdr98234sdjk23w4-02349hdsfksaj02-384', '2021-11-03 10:57:30', '2021-11-03 10:57:30', 0),
(3, 'Khamkhoun', '12345678955489', 'klasdjfqoladxnfl;asjdfoquiwlkfsadjfq9p83274rlesurq92;fjsapourel;asjdfpq390riwejfosadjl', '2021-11-03 16:00:53', '2021-11-04 00:01:39', 0),
(4, 'Dorkbuakham', '23412341203498', 'sdfasຫັກດັຫກດ', '2021-11-03 16:04:03', '2021-11-03 22:04:16', 0),
(9, 'Ps Channel', '127839821763232', 'lsidfjo384ksdr98234sdjk23w4-02349hdsfksaj02-384', '2021-11-04 10:57:01', '2021-11-04 10:57:01', 0);

-- --------------------------------------------------------

--
-- Table structure for table `posts`
--

DROP TABLE IF EXISTS `posts`;
CREATE TABLE IF NOT EXISTS `posts` (
  `id` int NOT NULL AUTO_INCREMENT,
  `postsName` varchar(255) NOT NULL,
  `postsId` varchar(255) NOT NULL,
  `postsDate` datetime NOT NULL,
  `pageId` int NOT NULL,
  `createdAt` datetime NOT NULL,
  `updatedAt` datetime NOT NULL,
  `type` varchar(255) NOT NULL,
  `status` varchar(255) DEFAULT NULL,
  PRIMARY KEY (`id`),
  UNIQUE KEY `id` (`id`)
) ENGINE=InnoDB AUTO_INCREMENT=28 DEFAULT CHARSET=utf8;

--
-- Dumping data for table `posts`
--

INSERT INTO `posts` (`id`, `postsName`, `postsId`, `postsDate`, `pageId`, `createdAt`, `updatedAt`, `type`, `status`) VALUES
(1, 'ha', '333', '2021-10-26 20:19:00', 2, '2021-10-26 20:19:39', '2021-10-26 20:19:39', 'live', ''),
(2, 'Test posts.', '123456789', '2021-10-26 20:19:00', 3, '2021-10-26 20:19:41', '2021-10-26 20:19:41', 'photo', ''),
(3, 'This is my content video', '123456789', '2022-10-26 20:42:00', 1, '2021-10-26 20:42:59', '2021-10-26 20:42:59', 'video', ''),
(4, 'Test posts.', '123456789', '2022-11-04 12:39:00', 1, '2021-11-04 12:39:10', '2021-11-04 12:39:10', 'photo', 'old'),
(5, 'Test posts.', '123456789', '2021-11-04 12:41:00', 1, '2021-11-04 12:41:08', '2021-11-04 12:41:08', 'photo', 'old'),
(6, 'Ps Channel', '127839821763232', '2021-10-12 20:00:00', 4, '2021-11-04 12:47:29', '2021-11-04 12:47:29', 'video', ''),
(7, 'Ps Channel', '127839821763232', '2022-10-12 20:00:00', 1, '2021-11-04 12:48:01', '2021-11-04 12:48:01', 'video', ''),
(8, 'Ps Channel', '127839821763232', '2021-10-12 20:00:00', 1, '2021-11-04 12:48:02', '2021-11-04 12:48:02', 'video', ''),
(9, 'Ps Channel', '12785646763232', '2021-10-12 20:00:00', 1, '2021-11-04 12:49:15', '2021-11-04 12:49:15', 'live', ''),
(10, 'Ps Channel', '345234233', '2021-10-12 20:00:00', 1, '2021-11-04 14:20:13', '2021-11-04 14:20:13', 'live', ''),
(11, 'Ps Channel', '345234233', '2021-10-12 20:00:00', 1, '2021-11-04 14:20:17', '2021-11-04 14:20:17', 'live', ''),
(12, 'Ps Channel', '345234233', '2021-10-12 20:00:00', 1, '2021-11-04 14:20:22', '2021-11-04 14:20:22', 'photo', ''),
(13, 'Ps Channel', '345234233', '2021-10-12 20:00:00', 1, '2021-11-04 14:20:23', '2021-11-04 14:20:23', 'photo', ''),
(14, 'Ps Channel', '345234233', '2021-10-12 20:00:00', 1, '2021-11-04 14:20:24', '2021-11-04 14:20:24', 'photo', ''),
(15, 'Ps Channel', '345234233', '2021-10-12 20:00:00', 1, '2021-11-04 14:20:24', '2021-11-04 14:20:24', 'photo', ''),
(16, 'Ps Channel', '345234233', '2021-10-12 20:00:00', 1, '2021-11-04 14:20:25', '2021-11-04 14:20:25', 'photo', ''),
(17, 'Ps Channel', '345234233', '2021-10-12 20:00:00', 5, '2021-11-04 14:20:44', '2021-11-04 14:20:44', 'live', ''),
(18, 'Ps Channel', '345234233', '2021-10-12 20:00:00', 5, '2021-11-04 14:20:45', '2021-11-04 14:20:45', 'live', ''),
(19, 'Ps Channel', '345234233', '2021-10-12 20:00:00', 3, '2021-11-04 14:20:48', '2021-11-04 14:20:48', 'live', ''),
(20, 'Ps Channel', '345234233', '2021-10-12 20:00:00', 3, '2021-11-04 14:20:49', '2021-11-04 14:20:49', 'live', ''),
(21, 'Ps Channel', '345234233', '2021-10-12 20:00:00', 3, '2021-11-04 14:20:50', '2021-11-04 14:20:50', 'live', ''),
(22, 'Ps Channel', '234124123', '2021-10-12 20:00:00', 3, '2021-11-04 14:20:59', '2021-11-04 14:20:59', 'video', ''),
(23, 'Ps Channel', '2342124123', '2021-10-12 20:00:00', 3, '2021-11-04 14:21:01', '2021-11-04 14:21:01', 'video', ''),
(24, 'helloalsjdflajs', '2342124123', '2021-10-12 20:00:00', 3, '2021-11-04 14:21:10', '2021-11-04 14:21:10', 'video', ''),
(25, 'helloalsjdflajs', '2342124123', '2021-10-12 20:00:00', 2, '2021-11-04 14:21:13', '2021-11-04 14:21:13', 'video', ''),
(26, 'helloalsjdflajs', '2342124123', '2021-10-12 20:00:00', 2, '2021-11-04 14:21:14', '2021-11-04 14:21:14', 'video', ''),
(27, 'This is my ocntent live ', '2342124123', '2022-10-12 20:00:00', 2, '2021-11-04 14:21:16', '2021-11-04 14:21:16', 'live', '');

-- --------------------------------------------------------

--
-- Table structure for table `users`
--

DROP TABLE IF EXISTS `users`;
CREATE TABLE IF NOT EXISTS `users` (
  `id` int NOT NULL AUTO_INCREMENT,
  `name` varchar(255) NOT NULL,
  `phoneNumber` varchar(255) NOT NULL,
  `username` varchar(255) NOT NULL,
  `password` varchar(255) NOT NULL,
  `createdAt` datetime NOT NULL,
  `updatedAt` datetime NOT NULL,
  PRIMARY KEY (`id`),
  UNIQUE KEY `id` (`id`)
) ENGINE=InnoDB AUTO_INCREMENT=15 DEFAULT CHARSET=utf8;

--
-- Dumping data for table `users`
--

INSERT INTO `users` (`id`, `name`, `phoneNumber`, `username`, `password`, `createdAt`, `updatedAt`) VALUES
(1, 'khamlar', '02056150114', 'admin2', '$2a$10$l/.UxojguLJFSFO6eqMe4.usnbFyw./4QAkDcbDuWkjQDQ7GODBPu', '2021-10-25 14:56:16', '2021-11-03 23:37:46'),
(2, 'Phone', '02056150114', 'admin3', '$2a$10$OK1FLXIgnQvd0HBmDHsZVOmu57Ut9E6l61TW3PmjAFDuertxLvSje', '2021-10-25 15:02:19', '2021-10-25 15:02:19'),
(3, 'thone', '02033223344', 'admin', '$2a$10$Li4c8LDFJPaJp1ndTZ0.1.zvs21.SPUudIOpCKNO8Adu2fkYVJk86', '2021-11-03 23:28:00', '2021-11-03 23:28:00'),
(4, 'shiphandone', '02055666678', 'user', '$2a$10$QHuhCr.I7lma9T/Eld2H0eYge9w80d87Kk93eNyWzxa/ZRx2rJS5O', '2021-11-03 23:33:43', '2021-11-03 23:33:43'),
(5, 'sunital', '020332423234', 'user2', '$2a$10$WQSXKZ5Qeh0jdBqaf2P7quJCl5fO1IvGdmRKwcAR3OSCg/5W.YNYG', '2021-11-04 00:00:02', '2021-11-04 00:00:02'),
(6, 'sdfa', 'asdfas', 'sdfa', '$2a$10$TBPwJUPKuqJpXoIDq3cgZO1I3Yc.HR9s47J.0V5TpotBLVSk0HM9e', '2021-11-04 10:56:45', '2021-11-04 10:56:45'),
(7, 'Phone', '02056150114', 'admin4', '$2a$10$eZO4iapEznnrNPNww/eKk.GmxMzo/qMXgVN2uwbWz49FPE6K4qJ0i', '2021-11-04 10:57:11', '2021-11-04 10:57:11'),
(8, 'Phone', '02056150114', 'admin5', '$2a$10$buy7H.l3pUhfxIDG5bC7/.nQwrcAMigz40rhCwIxuzNr/5M0fwxlu', '2021-11-04 10:57:15', '2021-11-04 10:57:15'),
(9, 'Phone', '02056150114', 'admin6', '$2a$10$d/pzoN/vfO4.0MiRO4o4LO7iem4jif890fR51f6K0ox2fMV2lJyya', '2021-11-04 10:57:19', '2021-11-04 10:57:19'),
(10, 'Phone', '02056150114', 'admin7', '$2a$10$4JQzBNiO81mhm6eBkKYXe.hCAENdg/UEvc5azmbCKmCsMlDy49NR6', '2021-11-04 10:57:22', '2021-11-04 10:57:22'),
(11, 'Phone', '02056150114', 'admin8', '$2a$10$zjtdy04DMObEwYesyTztJuo0R6e0heOvRAintPyW8JLf8QOWiu4ey', '2021-11-04 10:57:26', '2021-11-04 10:57:26'),
(12, 'Phone', '02056150114', 'admin9', '$2a$10$DgwAwvxmDt3RYsP6u7zuWuwgVZUoPuG3gBK.lInqvNcDOjo9DXrOW', '2021-11-04 10:57:29', '2021-11-04 10:57:29'),
(13, 'Phone', '02056150114', 'admin0', '$2a$10$wZXKxu0gaFgkujRshsUX8egh20wfSYfTAHSSGKDViUwVYjlUNKBXy', '2021-11-04 10:57:33', '2021-11-04 10:57:33'),
(14, 'Khet', '02033223333', 'lao', '$2a$10$1YqESqzZ6T6g/3fqxvXgeOCjRZCb4rBRw7XAP3tPqeuXG83CDmzvy', '2021-11-04 11:50:49', '2021-11-04 11:50:49');
COMMIT;

/*!40101 SET CHARACTER_SET_CLIENT=@OLD_CHARACTER_SET_CLIENT */;
/*!40101 SET CHARACTER_SET_RESULTS=@OLD_CHARACTER_SET_RESULTS */;
/*!40101 SET COLLATION_CONNECTION=@OLD_COLLATION_CONNECTION */;
